{"is_source_file": true, "format": "bash shell script", "description": "A startup script for PostgreSQL that initializes, starts, and configures a database server, including user and permission setup.", "external_files": ["/usr/lib/postgresql/", "/var/lib/postgresql/data/PG_VERSION", "db_connection.txt", "db_visualizer/postgres.env"], "external_methods": ["ls", "sudo", "pg_isready", "pgrep", "psql", "initdb", "createdb"], "published": [], "classes": [], "methods": [], "calls": ["/usr/lib/postgresql/pg_isready", "/usr/lib/postgresql/psql", "/usr/lib/postgresql/initdb", "/usr/lib/postgresql/createdb"], "search-terms": ["PostgreSQL startup script", "database initialization", "database permissions setup", "pg_isready check", "psql commands", "database user creation", "server start script"], "state": 2, "file_id": 7, "knowledge_revision": 12, "git_revision": "6addff0a25a539b9a28c190043b524350a7ecccf", "hash": "fa2aa67ea0a7c72f7c0958282f15a864", "format-version": 4, "code-base-name": "database", "filename": "database/startup.sh", "revision_history": [{"12": "6addff0a25a539b9a28c190043b524350a7ecccf"}]}