{"is_source_file": true, "format": "bash script", "description": "A shell script for restoring various types of databases from backup files. It detects the backup type (SQLite, PostgreSQL, MySQL, MongoDB) and performs the appropriate restore commands, handling different database configurations and authentication scenarios.", "external_files": ["database_backup.db", "database_backup.sql", "database_backup.archive"], "external_methods": ["pg_isready", "psql", "mysqladmin", "mysql", "mongosh", "mongorestore"], "published": [], "classes": [], "methods": [], "calls": ["ls /usr/lib/postgresql/", "sudo -u postgres pg_isready", "psql", "mysqladmin ping", "mysql", "mongosh", "mongorestore", "sudo mysql"], "search-terms": ["restore_db.sh", "database restore script", "PostgreSQL restore", "MySQL restore", "SQLite restore", "MongoDB restore", "database backup files", "restore logic", "database detection", "backup archive"], "state": 2, "file_id": 2, "knowledge_revision": 10, "git_revision": "6addff0a25a539b9a28c190043b524350a7ecccf", "hash": "67505395c0df4c9c001ab8f47571f3fb", "format-version": 4, "code-base-name": "database", "filename": "database/restore_db.sh", "revision_history": [{"10": "6addff0a25a539b9a28c190043b524350a7ecccf"}]}