{"is_source_file": true, "format": "HTML", "description": "This file is an HTML source for a web-based database visualizer interface, including UI markup, styling, and embedded JavaScript for dynamic interactions with backend API endpoints to list databases, tables, and display table data.", "external_files": ["/api/databases", "/api/{db}/tables", "/api/{db}/tables/{tableName}/data"], "external_methods": ["fetchData"], "published": [], "classes": [], "methods": [{"name": "loadDatabases", "description": "Fetches the list of databases from the API and populates the sidebar."}, {"name": "refreshDatabases", "description": "Refreshes the database list and resets the UI state."}, {"name": "toggleDatabase", "description": "Expands or collapses a database to show its tables."}, {"name": "loadTables", "description": "Loads tables for a selected database."}, {"name": "loadTableData", "description": "Fetches data for a selected table and renders it."}, {"name": "renderTable", "description": "Constructs an HTML table from data records."}, {"name": "renderCell", "description": "Renders a table cell, handling large content and objects."}, {"name": "expandCell", "description": "Expands or collapses a cell showing full content."}], "calls": ["fetchData('/api/databases')", "fetchData(`/api/${db}/tables`)", "fetchData(`/api/${db}/tables/${tableName}/data?limit=50`)"], "search-terms": ["Database Viewer HTML UI", "API database list", "Table data display", "Embedded JavaScript data fetch", "Responsive database table UI"], "state": 2, "file_id": 3, "knowledge_revision": 14, "git_revision": "6addff0a25a539b9a28c190043b524350a7ecccf", "hash": "ee63333a4841bf025439c755a74c9881", "format-version": 4, "code-base-name": "database", "filename": "database/db_visualizer/public/index.html", "revision_history": [{"14": "6addff0a25a539b9a28c190043b524350a7ecccf"}]}