{"is_source_file": true, "format": "bash", "description": "This script detects and backs up running databases (SQLite, PostgreSQL, MySQL, MongoDB), attempting different approaches based on the database type and availability.", "external_files": ["/usr/lib/postgresql/", "/var/run/mysqld/mysqld.sock"], "external_methods": ["ls", "[ -f \"${DB_NAME}\" ]", "sudo -u postgres pg_isready", "ls", "mysqladmin ping", "mysql", "mysqldump", "mongosh", "mongodump"], "published": [], "classes": [], "methods": [], "calls": ["ls", "[ -f \"${DB_NAME}\" ]", "sudo -u postgres pg_isready", "mysqladmin ping", "mysql", "mysqldump", "mongosh", "mongodump"], "search-terms": ["backup_script", "database_backup", "multi-db", "sqlite_backup", "postgresql_backup", "mysql_backup", "mongodb_backup", "database_detection", "shell_script"], "state": 2, "file_id": 6, "knowledge_revision": 13, "git_revision": "6addff0a25a539b9a28c190043b524350a7ecccf", "hash": "7af9aa35fa4940f934d83f6e2621b732", "format-version": 4, "code-base-name": "database", "filename": "database/backup_db.sh", "revision_history": [{"13": "6addff0a25a539b9a28c190043b524350a7ecccf"}]}